CLUB_NAME,PLAYERS_COUNT,PLAYERS_AVG_AGE,LEGIONARIES_COUNT,AVG_MARKET_VALUE,TOTAL_MARKET_VALUE,season
FC Schalke 04,19,"24,8",0,-,-,1963
Preußen Münster,19,"25,7",0,-,-,1963
1.FC Saarbrücken,18,"24,5",0,-,-,1963
Hamburger SV,22,"25,4",0,-,-,1963
1.FC Kaiserslautern,19,"25,0",1,-,-,1963
Hertha BSC,20,"25,4",0,-,-,1963
1.FC Köln,18,"26,1",0,-,-,1963
Karlsruher SC,24,"23,8",0,-,-,1963
1.FC Nürnberg,24,"25,5",0,-,-,1963
Meidericher SV,20,"25,7",1,-,-,1963
Borussia Dortmund,19,"26,4",0,-,-,1963
TSV 1860 München,22,"25,6",2,-,-,1963
Eintracht Braunschweig,19,"24,2",1,-,-,1963
VfB Stuttgart,18,"25,6",0,-,-,1963
Eintracht Frankfurt,23,"26,5",1,-,-,1963
SV Werder Bremen,20,"26,4",1,-,-,1963
Hamburger SV,30,"25,8",2,-,-,1964
Borussia Neunkirchen,23,"25,3",0,-,-,1964
1.FC Kaiserslautern,21,"25,3",1,-,-,1964
Hannover 96,21,"25,9",0,-,-,1964
1.FC Köln,22,"25,6",1,-,-,1964
Hertha BSC,23,"25,9",0,-,-,1964
1.FC Nürnberg,23,"26,2",2,-,-,1964
Karlsruher SC,24,"24,3",0,-,-,1964
Borussia Dortmund,22,"26,7",0,-,-,1964
Meidericher SV,22,"25,7",3,-,-,1964
Eintracht Braunschweig,22,"25,0",1,-,-,1964
TSV 1860 München,20,"25,4",2,-,-,1964
Eintracht Frankfurt,26,"25,8",2,-,-,1964
VfB Stuttgart,22,"25,7",0,-,-,1964
FC Schalke 04,21,"25,5",1,-,-,1964
SV Werder Bremen,21,"26,2",0,-,-,1964
FC Bayern München,25,"23,9",2,-,-,1965
SV Werder Bremen,19,"26,6",1,-,-,1965
1.FC Kaiserslautern,26,"25,4",0,-,-,1965
FC Schalke 04,21,"24,4",0,-,-,1965
Borussia Neunkirchen,24,"25,1",0,-,-,1965
1.FC Köln,24,"24,7",2,-,-,1965
Hamburger SV,25,"26,8",2,-,-,1965
SC Tasmania 1900 Berlin (-1973),24,"26,4",0,-,-,1965
1.FC Nürnberg,22,"25,3",2,-,-,1965
Hannover 96,22,"26,5",1,-,-,1965
Borussia Dortmund,22,"26,6",0,-,-,1965
Karlsruher SC,28,"25,1",0,-,-,1965
Borussia Mönchengladbach,22,"23,8",0,-,-,1965
Meidericher SV,21,"25,2",3,-,-,1965
Eintracht Braunschweig,27,"25,3",1,-,-,1965
TSV 1860 München,21,"25,2",2,-,-,1965
Eintracht Frankfurt,28,"25,2",1,-,-,1965
VfB Stuttgart,23,"26,3",1,-,-,1965
FC Bayern München,24,"23,8",1,-,-,1966
TSV 1860 München,18,"26,8",2,-,-,1966
1.FC Kaiserslautern,25,"26,4",1,-,-,1966
FC Schalke 04,20,"24,9",1,-,-,1966
VfB Stuttgart,22,"26,3",2,-,-,1966
1.FC Köln,21,"23,6",2,-,-,1966
Fortuna Düsseldorf,23,"24,3",0,-,-,1966
SV Werder Bremen,22,"26,7",2,-,-,1966
1.FC Nürnberg,24,"25,3",2,-,-,1966
Hamburger SV,20,"25,5",0,-,-,1966
Borussia Dortmund,22,"26,1",0,-,-,1966
Hannover 96,22,"26,9",2,-,-,1966
Borussia Mönchengladbach,23,"24,0",1,-,-,1966
Karlsruher SC,24,"25,4",2,-,-,1966
Eintracht Braunschweig,22,"26,2",0,-,-,1966
Meidericher SV,19,"25,9",2,-,-,1966
Eintracht Frankfurt,25,"25,4",2,-,-,1966
Rot-Weiss Essen,21,"25,7",2,-,-,1966
Eintracht Frankfurt,24,"25,4",2,-,-,1967
VfB Stuttgart,24,"25,0",2,-,-,1967
1.FC Kaiserslautern,23,"24,8",1,-,-,1967
FC Bayern München,22,"23,5",0,-,-,1967
SV Werder Bremen,19,"27,6",2,-,-,1967
1.FC Köln,24,"24,5",1,-,-,1967
FC Schalke 04,20,"24,4",2,-,-,1967
Borussia Neunkirchen,23,"23,7",0,-,-,1967
1.FC Nürnberg,21,"25,3",3,-,-,1967
Hamburger SV,21,"26,5",1,-,-,1967
Alemannia Aachen,23,"26,3",2,-,-,1967
Hannover 96,23,"25,4",2,-,-,1967
Borussia Dortmund,22,"26,0",0,-,-,1967
Karlsruher SC,23,"25,0",1,-,-,1967
Borussia Mönchengladbach,21,"23,0",0,-,-,1967
MSV Duisburg,24,"24,5",2,-,-,1967
Eintracht Braunschweig,19,"26,2",0,-,-,1967
TSV 1860 München,25,"25,2",3,-,-,1967
Eintracht Frankfurt,21,"25,6",2,-,-,1968
VfB Stuttgart,22,"25,6",2,-,-,1968
1.FC Kaiserslautern,23,"24,4",2,-,-,1968
FC Bayern München,18,"24,4",2,-,-,1968
SV Werder Bremen,22,"26,8",2,-,-,1968
1.FC Köln,20,"25,4",1,-,-,1968
FC Schalke 04,23,"24,1",3,-,-,1968
Kickers Offenbach,20,"24,3",2,-,-,1968
1.FC Nürnberg,23,"24,3",2,-,-,1968
Hamburger SV,22,"25,5",1,-,-,1968
Alemannia Aachen,21,"26,3",2,-,-,1968
Hannover 96,22,"25,0",1,-,-,1968
Borussia Dortmund,22,"25,8",0,-,-,1968
Hertha BSC,21,"25,4",2,-,-,1968
Borussia Mönchengladbach,23,"23,7",0,-,-,1968
MSV Duisburg,28,"24,6",1,-,-,1968
Eintracht Braunschweig,20,"26,1",0,-,-,1968
TSV 1860 München,25,"25,9",2,-,-,1968
TSV 1860 München,25,"25,1",2,-,-,1969
1.FC Kaiserslautern,25,"24,8",0,-,-,1969
1.FC Köln,24,"26,1",2,-,-,1969
Alemannia Aachen,29,"26,0",2,-,-,1969
MSV Duisburg,25,"24,8",2,-,-,1969
Rot-Weiss Essen,22,"24,9",2,-,-,1969
Rot-Weiß Oberhausen,21,"25,1",0,-,-,1969
FC Bayern München,26,"23,7",3,-,-,1969
Borussia Dortmund,26,"25,1",1,-,-,1969
FC Schalke 04,23,"23,8",3,-,-,1969
Eintracht Frankfurt,25,"25,4",2,-,-,1969
Hamburger SV,22,"25,3",2,-,-,1969
Borussia Mönchengladbach,21,"24,3",1,-,-,1969
Hannover 96,24,"25,5",2,-,-,1969
VfB Stuttgart,19,"24,7",2,-,-,1969
SV Werder Bremen,26,"26,0",2,-,-,1969
Hertha BSC,26,"25,0",3,-,-,1969
Eintracht Braunschweig,19,"26,9",0,-,-,1969
FC Bayern München,18,"24,6",2,-,-,1970
VfB Stuttgart,22,"25,6",2,-,-,1970
1.FC Kaiserslautern,23,"25,3",2,-,-,1970
FC Schalke 04,21,"23,8",2,-,-,1970
SV Werder Bremen,22,"26,1",1,-,-,1970
1.FC Köln,18,"26,6",2,-,-,1970
Hamburger SV,25,"25,9",2,-,-,1970
Kickers Offenbach,22,"23,8",0,-,-,1970
Arminia Bielefeld,22,"25,8",1,-,-,1970
Hannover 96,30,"25,9",1,-,-,1970
Borussia Dortmund,26,"25,7",1,-,-,1970
Hertha BSC,23,"25,5",2,-,-,1970
Borussia Mönchengladbach,17,"24,7",1,-,-,1970
MSV Duisburg,25,"25,3",1,-,-,1970
Eintracht Braunschweig,18,"26,9",0,-,-,1970
Rot-Weiss Essen,22,"25,1",2,-,-,1970
Eintracht Frankfurt,23,"24,3",0,-,-,1970
Rot-Weiß Oberhausen,22,"25,3",1,-,-,1970
FC Bayern München,19,"24,3",2,-,-,1971
VfB Stuttgart,17,"24,7",2,-,-,1971
1.FC Kaiserslautern,19,"25,4",1,-,-,1971
FC Schalke 04,20,"22,5",2,-,-,1971
VfL Bochum,21,"25,2",0,-,-,1971
1.FC Köln,21,"24,6",0,-,-,1971
Fortuna Düsseldorf,20,"26,8",0,-,-,1971
SV Werder Bremen,20,"27,0",0,-,-,1971
Arminia Bielefeld,22,"24,5",1,-,-,1971
Hamburger SV,22,"25,7",2,-,-,1971
Borussia Dortmund,22,"24,3",1,-,-,1971
Hannover 96,21,"25,3",0,-,-,1971
Borussia Mönchengladbach,25,"22,8",1,-,-,1971
Hertha BSC,26,"25,3",2,-,-,1971
Eintracht Braunschweig,18,"26,1",0,-,-,1971
MSV Duisburg,21,"24,5",1,-,-,1971
Eintracht Frankfurt,23,"24,8",2,-,-,1971
Rot-Weiß Oberhausen,23,"24,7",0,-,-,1971
Fortuna Düsseldorf,21,"25,6",1,-,-,1972
SV Werder Bremen,25,"25,8",1,-,-,1972
1.FC Kaiserslautern,22,"24,6",1,-,-,1972
Hamburger SV,26,"24,2",2,-,-,1972
Kickers Offenbach,17,"24,4",2,-,-,1972
1.FC Köln,23,"24,1",1,-,-,1972
Hannover 96,23,"24,9",2,-,-,1972
Wuppertaler SV Borussia,19,"26,4",0,-,-,1972
Borussia Mönchengladbach,26,"23,6",3,-,-,1972
Hertha BSC,21,"24,7",2,-,-,1972
Eintracht Braunschweig,21,"25,6",2,-,-,1972
MSV Duisburg,24,"23,7",1,-,-,1972
Eintracht Frankfurt,24,"25,6",2,-,-,1972
Rot-Weiß Oberhausen,22,"26,5",0,-,-,1972
FC Bayern München,23,"23,7",3,-,-,1972
VfB Stuttgart,23,"24,3",1,-,-,1972
FC Schalke 04,24,"22,0",1,-,-,1972
VfL Bochum,26,"25,1",0,-,-,1972
SC Fortuna Köln,17,"25,2",2,-,-,1973
Kickers Offenbach,23,"24,4",2,-,-,1973
Wuppertaler SV Borussia,19,"27,3",0,-,-,1973
MSV Duisburg,20,"23,6",1,-,-,1973
Eintracht Frankfurt,18,"24,6",1,-,-,1973
Rot-Weiss Essen,22,"26,2",2,-,-,1973
VfL Bochum,21,"24,0",1,-,-,1973
Fortuna Düsseldorf,19,"26,1",0,-,-,1973
FC Bayern München,26,"24,0",5,-,-,1973
Hannover 96,22,"25,3",1,-,-,1973
1.FC Kaiserslautern,19,"25,5",2,-,-,1973
Hamburger SV,24,"25,4",2,-,-,1973
1.FC Köln,20,"23,9",1,-,-,1973
VfB Stuttgart,20,"24,4",1,-,-,1973
SV Werder Bremen,20,"24,8",2,-,-,1973
FC Schalke 04,28,"23,1",0,-,-,1973
Borussia Mönchengladbach,21,"24,4",2,-,-,1973
Hertha BSC,21,"25,6",1,-,-,1973
Fortuna Düsseldorf,18,"26,7",0,-,-,1974
Tennis Borussia Berlin,22,"25,5",1,-,-,1974
1.FC Kaiserslautern,21,"25,3",2,-,-,1974
Hamburger SV,22,"25,3",3,-,-,1974
Kickers Offenbach,22,"24,6",2,-,-,1974
1.FC Köln,24,"24,0",2,-,-,1974
Hertha BSC,21,"24,9",2,-,-,1974
Wuppertaler SV Borussia,27,"25,7",2,-,-,1974
Borussia Mönchengladbach,22,"23,9",3,-,-,1974
MSV Duisburg,20,"23,6",1,-,-,1974
Eintracht Braunschweig,17,"26,9",1,-,-,1974
Rot-Weiss Essen,18,"26,2",2,-,-,1974
Eintracht Frankfurt,19,"25,3",0,-,-,1974
VfB Stuttgart,23,"24,7",1,-,-,1974
FC Bayern München,22,"24,0",3,-,-,1974
VfL Bochum,20,"24,1",0,-,-,1974
FC Schalke 04,22,"25,0",0,-,-,1974
SV Werder Bremen,21,"24,4",2,-,-,1974
Fortuna Düsseldorf,20,"26,2",2,-,-,1975
SV Werder Bremen,21,"25,6",4,-,-,1975
1.FC Kaiserslautern,22,"25,4",2,-,-,1975
Hamburger SV,19,"26,3",3,-,-,1975
Bayer 05 Uerdingen,23,"25,2",1,-,-,1975
1.FC Köln,27,"24,4",3,-,-,1975
Hannover 96,22,"25,8",1,-,-,1975
Kickers Offenbach,18,"25,8",3,-,-,1975
Borussia Mönchengladbach,23,"24,1",3,-,-,1975
Hertha BSC,19,"25,9",3,-,-,1975
Eintracht Braunschweig,19,"27,2",2,-,-,1975
Karlsruher SC,22,"27,2",1,-,-,1975
Eintracht Frankfurt,23,"24,5",0,-,-,1975
MSV Duisburg,20,"25,2",2,-,-,1975
FC Bayern München,26,"24,8",4,-,-,1975
Rot-Weiss Essen,17,"26,9",1,-,-,1975
FC Schalke 04,25,"23,7",2,-,-,1975
VfL Bochum,20,"24,4",0,-,-,1975
FC Bayern München,25,"24,5",4,-,-,1976
VfL Bochum,21,"24,6",0,-,-,1976
1.FC Saarbrücken,23,"25,3",3,-,-,1976
FC Schalke 04,27,"22,8",2,-,-,1976
SV Werder Bremen,22,"25,5",4,-,-,1976
1.FC Kaiserslautern,19,"26,0",2,-,-,1976
Fortuna Düsseldorf,19,"26,1",2,-,-,1976
Tennis Borussia Berlin,25,"25,3",1,-,-,1976
1.FC Köln,22,"24,8",3,-,-,1976
Hamburger SV,22,"27,2",3,-,-,1976
Borussia Dortmund,23,"25,9",3,-,-,1976
Hertha BSC,23,"26,7",2,-,-,1976
Borussia Mönchengladbach,24,"24,4",2,-,-,1976
Karlsruher SC,22,"27,1",3,-,-,1976
Eintracht Braunschweig,18,"27,3",2,-,-,1976
MSV Duisburg,21,"24,6",2,-,-,1976
Eintracht Frankfurt,21,"25,4",1,-,-,1976
Rot-Weiss Essen,22,"25,1",1,-,-,1976
FC Bayern München,24,"25,7",2,-,-,1977
VfB Stuttgart,19,"24,5",2,-,-,1977
1.FC Saarbrücken,18,"26,6",1,-,-,1977
FC Schalke 04,25,"24,8",3,-,-,1977
VfL Bochum,25,"25,3",0,-,-,1977
1.FC Kaiserslautern,19,"26,6",2,-,-,1977
FC St. Pauli,20,"25,3",2,-,-,1977
SV Werder Bremen,19,"25,7",2,-,-,1977
1.FC Köln,25,"24,5",3,-,-,1977
Fortuna Düsseldorf,18,"25,8",2,-,-,1977
Borussia Dortmund,22,"27,3",2,-,-,1977
Hamburger SV,20,"27,2",2,-,-,1977
Borussia Mönchengladbach,26,"25,7",2,-,-,1977
Hertha BSC,21,"26,0",3,-,-,1977
Eintracht Braunschweig,21,"27,4",3,-,-,1977
MSV Duisburg,22,"24,5",2,-,-,1977
Eintracht Frankfurt,23,"26,0",1,-,-,1977
TSV 1860 München,18,"26,3",2,-,-,1977
Eintracht Frankfurt,23,"25,1",2,-,-,1978
VfL Bochum,21,"26,7",0,-,-,1978
1.FC Kaiserslautern,20,"25,9",2,-,-,1978
FC Bayern München,25,"26,1",2,-,-,1978
SV Werder Bremen,23,"24,6",2,-,-,1978
1.FC Köln,24,"23,5",2,-,-,1978
FC Schalke 04,24,"24,7",1,-,-,1978
SV Darmstadt 98,20,"26,9",1,-,-,1978
1.FC Nürnberg,25,"24,4",2,-,-,1978
Fortuna Düsseldorf,20,"25,7",1,-,-,1978
Arminia Bielefeld,19,"25,5",2,-,-,1978
Hamburger SV,20,"26,3",2,-,-,1978
Borussia Dortmund,24,"25,6",2,-,-,1978
Hertha BSC,25,"25,4",4,-,-,1978
Borussia Mönchengladbach,25,"25,0",3,-,-,1978
MSV Duisburg,25,"24,6",2,-,-,1978
Eintracht Braunschweig,21,"27,5",3,-,-,1978
VfB Stuttgart,21,"25,4",2,-,-,1978
FC Bayern München,19,"27,1",2,-,-,1979
VfL Bochum,23,"26,5",1,-,-,1979
1.FC Kaiserslautern,25,"25,7",2,-,-,1979
FC Schalke 04,23,"24,2",2,-,-,1979
SV Werder Bremen,22,"25,2",2,-,-,1979
1.FC Köln,22,"23,5",3,-,-,1979
Fortuna Düsseldorf,25,"24,5",0,-,-,1979
Bayer 05 Uerdingen,19,"27,5",2,-,-,1979
Bayer 04 Leverkusen,21,"26,9",0,-,-,1979
Hamburger SV,21,"26,1",3,-,-,1979
Borussia Dortmund,23,"24,8",1,-,-,1979
Hertha BSC,28,"25,2",5,-,-,1979
Borussia Mönchengladbach,26,"24,5",2,-,-,1979
MSV Duisburg,23,"23,6",2,-,-,1979
Eintracht Braunschweig,24,"26,1",2,-,-,1979
TSV 1860 München,22,"28,0",3,-,-,1979
Eintracht Frankfurt,23,"24,8",2,-,-,1979
VfB Stuttgart,21,"26,5",2,-,-,1979
Eintracht Frankfurt,24,"25,0",2,-,-,1980
VfB Stuttgart,24,"25,3",5,-,-,1980
1.FC Kaiserslautern,20,"26,7",2,-,-,1980
FC Bayern München,20,"26,1",2,-,-,1980
VfL Bochum,19,"27,0",2,-,-,1980
1.FC Köln,24,"24,1",3,-,-,1980
FC Schalke 04,27,"23,7",2,-,-,1980
Bayer 05 Uerdingen,21,"26,5",2,-,-,1980
1.FC Nürnberg,24,"25,7",2,-,-,1980
Fortuna Düsseldorf,23,"25,7",1,-,-,1980
Arminia Bielefeld,22,"26,5",2,-,-,1980
Hamburger SV,19,"26,6",1,-,-,1980
Bayer 04 Leverkusen,25,"26,8",1,-,-,1980
Karlsruher SC,18,"27,0",0,-,-,1980
Borussia Dortmund,23,"25,0",3,-,-,1980
MSV Duisburg,23,"24,3",1,-,-,1980
Borussia Mönchengladbach,25,"24,2",3,-,-,1980
TSV 1860 München,21,"27,0",2,-,-,1980
Eintracht Braunschweig,19,"26,7",2,-,-,1981
VfL Bochum,22,"25,2",2,-,-,1981
1.FC Kaiserslautern,23,"24,6",2,-,-,1981
Eintracht Frankfurt,24,"25,1",2,-,-,1981
SV Werder Bremen,22,"26,0",2,-,-,1981
1.FC Köln,24,"24,4",3,-,-,1981
FC Bayern München,23,"25,0",1,-,-,1981
SV Darmstadt 98,20,"26,3",2,-,-,1981
1.FC Nürnberg,24,"25,2",1,-,-,1981
Fortuna Düsseldorf,22,"24,3",4,-,-,1981
Arminia Bielefeld,20,"26,4",2,-,-,1981
Hamburger SV,22,"26,1",2,-,-,1981
Bayer 04 Leverkusen,22,"26,7",1,-,-,1981
Karlsruher SC,21,"26,7",0,-,-,1981
Borussia Dortmund,24,"25,9",3,-,-,1981
MSV Duisburg,25,"24,2",2,-,-,1981
Borussia Mönchengladbach,25,"24,2",1,-,-,1981
VfB Stuttgart,21,"26,0",4,-,-,1981
Eintracht Braunschweig,21,"26,0",3,-,-,1982
VfB Stuttgart,20,"25,4",2,-,-,1982
1.FC Kaiserslautern,20,"25,6",2,-,-,1982
Eintracht Frankfurt,26,"24,9",2,-,-,1982
VfL Bochum,23,"24,5",2,-,-,1982
1.FC Köln,24,"25,5",3,-,-,1982
FC Bayern München,23,"25,9",1,-,-,1982
SV Werder Bremen,19,"26,9",1,-,-,1982
1.FC Nürnberg,19,"26,4",2,-,-,1982
FC Schalke 04,22,"26,3",1,-,-,1982
Arminia Bielefeld,25,"25,6",2,-,-,1982
Fortuna Düsseldorf,19,"25,6",2,-,-,1982
Bayer 04 Leverkusen,20,"26,5",2,-,-,1982
Hamburger SV,20,"26,0",3,-,-,1982
Borussia Dortmund,21,"25,7",2,-,-,1982
Hertha BSC,21,"26,5",1,-,-,1982
Borussia Mönchengladbach,29,"23,7",1,-,-,1982
Karlsruher SC,22,"26,4",3,-,-,1982
Eintracht Braunschweig,23,"26,2",2,-,-,1983
SV Werder Bremen,24,"26,8",2,-,-,1983
1.FC Kaiserslautern,25,"24,3",2,-,-,1983
Eintracht Frankfurt,24,"23,3",2,-,-,1983
Bayer 05 Uerdingen,23,"26,3",1,-,-,1983
1.FC Köln,24,"25,5",3,-,-,1983
FC Bayern München,22,"26,2",2,-,-,1983
Kickers Offenbach,27,"25,9",2,-,-,1983
1.FC Nürnberg,24,"25,3",2,-,-,1983
Fortuna Düsseldorf,20,"25,7",2,-,-,1983
Arminia Bielefeld,22,"24,7",4,-,-,1983
Hamburger SV,19,"26,5",1,-,-,1983
Bayer 04 Leverkusen,23,"25,0",2,-,-,1983
VfB Stuttgart,19,"24,4",2,-,-,1983
Borussia Dortmund,24,"25,3",2,-,-,1983
VfL Bochum,26,"24,5",1,-,-,1983
Borussia Mönchengladbach,23,"24,3",2,-,-,1983
SV Waldhof Mannheim,23,"25,3",2,-,-,1983
SV Waldhof Mannheim,24,"25,6",1,-,-,1984
Bayer 05 Uerdingen,19,"27,1",2,-,-,1984
Arminia Bielefeld,26,"24,1",2,-,-,1984
Karlsruher SC,22,"25,7",2,-,-,1984
Eintracht Braunschweig,23,"25,1",2,-,-,1984
VfL Bochum,21,"25,7",1,-,-,1984
Borussia Dortmund,23,"24,8",2,-,-,1984
FC Bayern München,24,"25,7",3,-,-,1984
FC Schalke 04,20,"27,2",1,-,-,1984
Borussia Mönchengladbach,22,"25,0",2,-,-,1984
Bayer 04 Leverkusen,29,"25,6",3,-,-,1984
VfB Stuttgart,25,"24,4",3,-,-,1984
SV Werder Bremen,21,"26,5",2,-,-,1984
1.FC Köln,26,"24,1",2,-,-,1984
Hamburger SV,18,"27,1",3,-,-,1984
Eintracht Frankfurt,20,"23,3",2,-,-,1984
1.FC Kaiserslautern,21,"24,8",1,-,-,1984
Fortuna Düsseldorf,20,"25,2",2,-,-,1984
1.FC Saarbrücken,25,"26,6",2,-,-,1985
FC Bayern München,23,"25,7",3,-,-,1985
SV Werder Bremen,23,"27,0",2,-,-,1985
1.FC Kaiserslautern,24,"25,0",1,-,-,1985
FC Schalke 04,21,"26,7",1,-,-,1985
Bayer 05 Uerdingen,26,"26,5",2,-,-,1985
1.FC Köln,24,"25,0",3,-,-,1985
Fortuna Düsseldorf,19,"25,4",2,-,-,1985
1.FC Nürnberg,22,"23,3",2,-,-,1985
Hamburger SV,25,"26,0",3,-,-,1985
Bayer 04 Leverkusen,24,"25,0",4,-,-,1985
Hannover 96,25,"24,8",2,-,-,1985
Borussia Dortmund,21,"25,7",2,-,-,1985
VfB Stuttgart,24,"24,2",3,-,-,1985
Borussia Mönchengladbach,26,"24,6",4,-,-,1985
VfL Bochum,23,"26,7",1,-,-,1985
Eintracht Frankfurt,25,"23,4",2,-,-,1985
SV Waldhof Mannheim,22,"26,4",2,-,-,1985
FC Bayern München,22,"25,4",3,-,-,1986
Bayer 05 Uerdingen,24,"26,5",2,-,-,1986
1.FC Kaiserslautern,23,"24,2",1,-,-,1986
FC Schalke 04,24,"26,6",2,-,-,1986
FC 08 Homburg,26,"25,8",3,-,-,1986
1.FC Köln,22,"26,4",4,-,-,1986
Fortuna Düsseldorf,24,"25,1",3,-,-,1986
SV Blau-Weiß Berlin,23,"26,8",3,-,-,1986
1.FC Nürnberg,23,"25,0",2,-,-,1986
Hamburger SV,19,"25,7",2,-,-,1986
Bayer 04 Leverkusen,22,"23,6",2,-,-,1986
VfB Stuttgart,25,"24,5",2,-,-,1986
Borussia Dortmund,20,"25,2",2,-,-,1986
VfL Bochum,26,"25,7",3,-,-,1986
Borussia Mönchengladbach,25,"24,6",3,-,-,1986
SV Waldhof Mannheim,21,"26,6",3,-,-,1986
Eintracht Frankfurt,24,"24,5",4,-,-,1986
SV Werder Bremen,25,"26,8",2,-,-,1986
FC Bayern München,20,"25,8",3,-,-,1987
SV Werder Bremen,20,"27,3",1,-,-,1987
1.FC Kaiserslautern,26,"24,0",1,-,-,1987
FC Schalke 04,27,"25,5",2,-,-,1987
Bayer 05 Uerdingen,24,"26,3",2,-,-,1987
1.FC Köln,22,"26,3",3,-,-,1987
Hamburger SV,26,"26,3",4,-,-,1987
FC 08 Homburg,28,"27,0",4,-,-,1987
1.FC Nürnberg,22,"24,5",3,-,-,1987
Hannover 96,23,"26,0",3,-,-,1987
Bayer 04 Leverkusen,24,"25,3",4,-,-,1987
Karlsruher SC,27,"23,4",2,-,-,1987
Borussia Dortmund,22,"25,3",2,-,-,1987
VfB Stuttgart,23,"24,8",1,-,-,1987
Borussia Mönchengladbach,24,"24,7",3,-,-,1987
VfL Bochum,28,"25,0",3,-,-,1987
Eintracht Frankfurt,25,"24,8",4,-,-,1987
SV Waldhof Mannheim,26,"25,9",4,-,-,1987
FC Bayern München,22,"24,4",2,-,-,1988
SV Waldhof Mannheim,23,"25,7",3,-,-,1988
1.FC Kaiserslautern,25,"24,5",1,-,-,1988
FC St. Pauli,24,"26,4",3,-,-,1988
SV Werder Bremen,19,"27,1",2,-,-,1988
1.FC Köln,24,"26,2",3,-,-,1988
Hamburger SV,24,"25,6",2,-,-,1988
Bayer 05 Uerdingen,24,"25,5",2,-,-,1988
1.FC Nürnberg,28,"25,0",4,-,-,1988
Hannover 96,24,"26,0",2,-,-,1988
Bayer 04 Leverkusen,23,"25,4",4,-,-,1988
Karlsruher SC,24,"24,1",2,-,-,1988
Borussia Dortmund,21,"25,4",3,-,-,1988
Stuttgarter Kickers,25,"26,1",3,-,-,1988
Borussia Mönchengladbach,28,"24,8",6,-,-,1988
VfB Stuttgart,21,"24,4",2,-,-,1988
Eintracht Frankfurt,25,"25,7",4,-,-,1988
VfL Bochum,24,"24,4",2,-,-,1988
FC Bayern München,23,"25,3",3,-,-,1989
SV Werder Bremen,24,"27,0",2,-,-,1989
1.FC Kaiserslautern,27,"25,1",5,-,-,1989
FC St. Pauli,23,"26,8",3,-,-,1989
Bayer 05 Uerdingen,28,"24,3",2,-,-,1989
1.FC Köln,22,"26,0",4,-,-,1989
Fortuna Düsseldorf,23,"24,7",5,-,-,1989
FC 08 Homburg,25,"24,7",5,-,-,1989
1.FC Nürnberg,24,"25,4",3,-,-,1989
Hamburger SV,27,"25,0",3,-,-,1989
Bayer 04 Leverkusen,28,"24,2",4,-,-,1989
Karlsruher SC,26,"24,8",2,-,-,1989
Borussia Dortmund,24,"25,6",2,-,-,1989
VfB Stuttgart,23,"25,0",5,-,-,1989
Borussia Mönchengladbach,31,"24,8",6,-,-,1989
VfL Bochum,27,"24,6",3,-,-,1989
Eintracht Frankfurt,24,"26,0",3,-,-,1989
SV Waldhof Mannheim,26,"25,0",3,-,-,1989
FC Bayern München,28,"24,3",4,-,-,1990
SV Werder Bremen,22,"26,6",3,-,-,1990
1.FC Kaiserslautern,27,"25,5",5,-,-,1990
FC St. Pauli,25,"26,4",4,-,-,1990
Bayer 05 Uerdingen,26,"25,2",4,-,-,1990
1.FC Köln,24,"25,4",4,-,-,1990
Fortuna Düsseldorf,25,"25,2",5,-,-,1990
SG Wattenscheid 09,23,"25,5",3,-,-,1990
1.FC Nürnberg,26,"25,5",3,-,-,1990
Hamburger SV,24,"25,7",4,-,-,1990
Bayer 04 Leverkusen,23,"25,3",4,-,-,1990
Hertha BSC,26,"26,3",3,-,-,1990
Borussia Dortmund,26,"24,7",3,-,-,1990
Karlsruher SC,27,"25,0",2,-,-,1990
Borussia Mönchengladbach,26,"24,5",3,-,-,1990
VfB Stuttgart,24,"24,9",3,-,-,1990
Eintracht Frankfurt,29,"26,2",5,-,-,1990
VfL Bochum,26,"25,1",3,-,-,1990
FC Bayern München,29,"25,5",5,-,-,1991
VfB Stuttgart,25,"24,9",3,-,-,1991
1.FC Kaiserslautern,25,"26,2",5,-,-,1991
FC Hansa Rostock,27,"25,6",3,-,-,1991
VfL Bochum,27,"25,4",4,-,-,1991
1.FC Köln,28,"24,8",4,-,-,1991
FC Schalke 04,28,"25,3",3,-,-,1991
SV Werder Bremen,29,"26,2",4,-,-,1991
1.FC Nürnberg,27,"25,3",2,-,-,1991
Fortuna Düsseldorf,28,"25,1",6,-,-,1991
SG Wattenscheid 09,27,"26,0",4,-,-,1991
Bayer 04 Leverkusen,24,"24,8",4,-,-,1991
Hamburger SV,27,"25,4",6,-,-,1991
SG Dynamo Dresden,24,"25,9",0,-,-,1991
Borussia Dortmund,24,"25,0",3,-,-,1991
Karlsruher SC,27,"25,6",2,-,-,1991
Borussia Mönchengladbach,22,"25,6",2,-,-,1991
MSV Duisburg,24,"28,1",5,-,-,1991
Eintracht Frankfurt,23,"26,8",2,-,-,1991
Stuttgarter Kickers,26,"25,0",4,-,-,1991
Eintracht Frankfurt,29,"25,9",9,-,-,1992
Bayer 05 Uerdingen,26,"25,4",5,-,-,1992
1.FC Saarbrücken,26,"26,7",5,-,-,1992
FC Bayern München,29,"25,8",6,-,-,1992
SG Wattenscheid 09,26,"27,7",5,-,-,1992
1.FC Kaiserslautern,28,"25,9",6,-,-,1992
FC Schalke 04,28,"25,6",4,-,-,1992
SG Dynamo Dresden,27,"24,4",2,-,-,1992
1.FC Köln,29,"25,3",7,-,-,1992
Hamburger SV,26,"25,0",6,-,-,1992
1.FC Nürnberg,27,"24,8",4,-,-,1992
Karlsruher SC,27,"25,2",6,-,-,1992
Bayer 04 Leverkusen,25,"24,8",4,-,-,1992
VfB Stuttgart,25,"25,4",4,-,-,1992
Borussia Dortmund,27,"25,1",3,-,-,1992
VfL Bochum,28,"26,3",5,-,-,1992
Borussia Mönchengladbach,24,"25,6",4,-,-,1992
SV Werder Bremen,30,"27,4",5,-,-,1992
FC Bayern München,30,"25,4",6,-,-,1993
SG Wattenscheid 09,29,"27,3",5,-,-,1993
1.FC Kaiserslautern,30,"26,3",5,-,-,1993
FC Schalke 04,27,"25,6",7,-,-,1993
SG Dynamo Dresden,30,"25,2",6,-,-,1993
1.FC Köln,28,"25,4",8,-,-,1993
Hamburger SV,30,"24,9",7,-,-,1993
VfB Leipzig,27,"25,7",5,-,-,1993
1.FC Nürnberg,28,"26,1",5,-,-,1993
Karlsruher SC,30,"26,1",6,-,-,1993
Bayer 04 Leverkusen,25,"26,1",4,-,-,1993
MSV Duisburg,28,"26,8",9,-,-,1993
Borussia Dortmund,27,"25,5",5,-,-,1993
SC Freiburg,27,"25,3",6,-,-,1993
Borussia Mönchengladbach,28,"25,1",5,-,-,1993
VfB Stuttgart,28,"25,5",4,-,-,1993
Eintracht Frankfurt,30,"25,5",9,-,-,1993
SV Werder Bremen,26,"27,9",4,-,-,1993
FC Schalke 04,28,"25,4",7,-,-,1994
SV Werder Bremen,26,"28,6",5,-,-,1994
1.FC Kaiserslautern,26,"27,3",5,-,-,1994
Hamburger SV,29,"26,4",9,-,-,1994
Bayer 05 Uerdingen,24,"25,1",6,-,-,1994
1.FC Köln,27,"26,3",8,-,-,1994
Karlsruher SC,29,"25,7",5,-,-,1994
SG Dynamo Dresden,33,"25,8",7,-,-,1994
Bayer 04 Leverkusen,33,"25,1",7,-,-,1994
MSV Duisburg,32,"26,5",8,-,-,1994
Borussia Dortmund,25,"25,8",6,-,-,1994
SC Freiburg,23,"26,4",6,-,-,1994
Borussia Mönchengladbach,25,"25,6",4,-,-,1994
TSV 1860 München,31,"27,0",6,-,-,1994
Eintracht Frankfurt,33,"24,6",10,-,-,1994
VfB Stuttgart,28,"24,6",7,-,-,1994
FC Bayern München,28,"25,4",7,-,-,1994
VfL Bochum,28,"26,1",5,-,-,1994
FC Hansa Rostock,27,"26,5",4,-,-,1995
FC Schalke 04,24,"27,6",6,-,-,1995
FC St. Pauli,27,"27,2",7,-,-,1995
KFC Uerdingen 05,25,"26,9",7,-,-,1995
Bayer 04 Leverkusen,36,"24,6",8,-,-,1995
Borussia Dortmund,29,"27,2",6,-,-,1995
Hamburger SV,33,"25,8",8,-,-,1995
Borussia Mönchengladbach,27,"25,6",7,-,-,1995
Eintracht Frankfurt,37,"25,4",12,-,-,1995
SC Freiburg,27,"27,0",7,-,-,1995
TSV 1860 München,26,"26,9",6,-,-,1995
VfB Stuttgart,33,"25,3",7,-,-,1995
1.FC Köln,29,"26,4",9,-,-,1995
Fortuna Düsseldorf,32,"26,6",11,-,-,1995
Karlsruher SC,26,"26,3",4,-,-,1995
FC Bayern München,24,"27,3",5,-,-,1995
SV Werder Bremen,28,"28,0",7,-,-,1995
1.FC Kaiserslautern,29,"27,0",6,-,-,1995
FC Schalke 04,30,"27,7",9,-,-,1996
VfB Stuttgart,33,"25,5",12,-,-,1996
1.FC Köln,34,"26,4",12,-,-,1996
FC St. Pauli,33,"25,9",5,-,-,1996
VfL Bochum,27,"25,0",9,-,-,1996
Arminia Bielefeld,31,"28,5",8,-,-,1996
Fortuna Düsseldorf,36,"26,6",13,-,-,1996
SV Werder Bremen,30,"27,7",9,-,-,1996
Bayer 04 Leverkusen,28,"25,0",8,-,-,1996
Hamburger SV,33,"26,2",11,-,-,1996
Borussia Dortmund,38,"25,3",11,-,-,1996
Karlsruher SC,31,"25,7",5,-,-,1996
Borussia Mönchengladbach,30,"26,1",10,-,-,1996
MSV Duisburg,26,"27,4",7,-,-,1996
FC Bayern München,25,"25,9",2,-,-,1996
SC Freiburg,32,"26,8",9,-,-,1996
FC Hansa Rostock,28,"27,4",6,-,-,1996
TSV 1860 München,31,"26,5",9,-,-,1996
FC Hansa Rostock,28,"27,8",8,-,-,1997
VfL Bochum,27,"26,1",8,-,-,1997
1.FC Kaiserslautern,28,"28,3",10,-,-,1997
FC Schalke 04,26,"27,4",11,-,-,1997
VfL Wolfsburg,28,"27,6",10,-,-,1997
1.FC Köln,35,"26,0",12,-,-,1997
Hamburger SV,37,"25,9",16,-,-,1997
SV Werder Bremen,34,"27,4",9,-,-,1997
Arminia Bielefeld,30,"26,7",10,-,-,1997
Hertha BSC,26,"25,7",11,-,-,1997
Bayer 04 Leverkusen,32,"25,7",12,-,-,1997
Karlsruher SC,29,"26,0",9,-,-,1997
Borussia Dortmund,33,"26,8",12,-,-,1997
MSV Duisburg,28,"27,1",10,-,-,1997
Borussia Mönchengladbach,26,"26,2",9,-,-,1997
TSV 1860 München,30,"27,1",11,-,-,1997
FC Bayern München,30,"25,3",8,-,-,1997
VfB Stuttgart,28,"26,3",11,-,-,1997
FC Hansa Rostock,30,"27,6",12,-,-,1998
VfL Bochum,31,"26,5",11,-,-,1998
1.FC Kaiserslautern,25,"27,4",10,-,-,1998
FC Schalke 04,31,"27,9",15,-,-,1998
VfL Wolfsburg,28,"26,7",10,-,-,1998
1.FC Nürnberg,32,"27,7",9,-,-,1998
Hamburger SV,34,"26,9",16,-,-,1998
SV Werder Bremen,33,"26,2",12,-,-,1998
Bayer 04 Leverkusen,29,"26,2",14,-,-,1998
Hertha BSC,30,"26,6",15,-,-,1998
Borussia Dortmund,33,"27,7",12,-,-,1998
MSV Duisburg,30,"27,3",12,-,-,1998
Borussia Mönchengladbach,35,"25,8",9,-,-,1998
SC Freiburg,31,"25,9",13,-,-,1998
Eintracht Frankfurt,35,"25,9",13,-,-,1998
TSV 1860 München,36,"26,1",15,-,-,1998
FC Bayern München,30,"26,1",10,-,-,1998
VfB Stuttgart,35,"25,9",15,-,-,1998
MSV Duisburg,30,"27,5",8,-,-,1999
FC Bayern München,32,"26,5",12,-,-,1999
Bayer 04 Leverkusen,33,"25,7",15,-,-,1999
Hertha BSC,32,"27,7",17,-,-,1999
Borussia Dortmund,32,"26,8",14,-,-,1999
1.FC Kaiserslautern,29,"28,1",13,-,-,1999
VfL Wolfsburg,33,"27,5",11,-,-,1999
TSV 1860 München,35,"26,5",14,-,-,1999
FC Schalke 04,32,"27,7",16,-,-,1999
VfB Stuttgart,31,"26,5",17,-,-,1999
SC Freiburg,30,"25,5",12,-,-,1999
SV Werder Bremen,34,"27,0",16,-,-,1999
FC Hansa Rostock,29,"27,7",9,-,-,1999
Hamburger SV,30,"26,6",15,-,-,1999
Eintracht Frankfurt,28,"27,4",10,-,-,1999
Arminia Bielefeld,32,"26,4",12,-,-,1999
SpVgg Unterhaching,29,"28,0",1,-,-,1999
SSV Ulm 1846,30,"26,2",9,-,-,1999
Borussia Dortmund,36,"25,8",14,-,-,2000
Bayer 04 Leverkusen,34,"24,8",19,-,-,2000
FC Bayern München,30,"26,5",13,-,-,2000
TSV 1860 München,38,"26,5",15,-,-,2000
1.FC Kaiserslautern,34,"26,9",17,-,-,2000
Hamburger SV,36,"28,0",15,-,-,2000
SC Freiburg,29,"24,9",14,-,-,2000
1.FC Köln,33,"25,2",14,-,-,2000
SpVgg Unterhaching,32,"27,9",7,-,-,2000
VfB Stuttgart,38,"25,3",17,-,-,2000
SV Werder Bremen,34,"26,4",14,-,-,2000
Eintracht Frankfurt,44,"26,0",17,-,-,2000
FC Schalke 04,32,"27,6",15,-,-,2000
FC Hansa Rostock,30,"28,0",10,-,-,2000
VfL Wolfsburg,30,"26,9",14,-,-,2000
VfL Bochum,33,"27,4",14,-,-,2000
Hertha BSC,30,"26,9",15,-,-,2000
FC Energie Cottbus,33,"27,2",22,-,-,2000
Borussia Dortmund,34,"25,6",15,-,-,2001
FC Bayern München,32,"26,6",14,-,-,2001
FC Schalke 04,35,"27,1",20,-,-,2001
Borussia Mönchengladbach,30,"26,9",14,-,-,2001
Bayer 04 Leverkusen,32,"24,6",14,-,-,2001
Hertha BSC,31,"25,9",19,-,-,2001
VfB Stuttgart,32,"25,1",11,-,-,2001
VfL Wolfsburg,33,"26,8",20,-,-,2001
1.FC Kaiserslautern,36,"26,5",17,-,-,2001
SV Werder Bremen,30,"26,1",15,-,-,2001
1.FC Köln,31,"26,1",15,-,-,2001
1.FC Nürnberg,33,"26,3",13,-,-,2001
TSV 1860 München,37,"28,1",17,-,-,2001
FC Hansa Rostock,30,"28,3",8,-,-,2001
SC Freiburg,33,"24,7",15,-,-,2001
FC Energie Cottbus,32,"27,6",20,-,-,2001
Hamburger SV,32,"27,4",16,-,-,2001
FC St. Pauli,33,"26,2",13,-,-,2001
FC Bayern München,30,"26,6",14,-,-,2002
Borussia Dortmund,34,"25,4",14,-,-,2002
Bayer 04 Leverkusen,38,"24,9",19,-,-,2002
FC Schalke 04,35,"26,3",20,-,-,2002
1.FC Kaiserslautern,31,"27,0",16,-,-,2002
Hamburger SV,29,"27,3",18,-,-,2002
Borussia Mönchengladbach,37,"26,2",15,-,-,2002
Hannover 96,33,"27,1",20,-,-,2002
TSV 1860 München,29,"28,1",14,-,-,2002
1.FC Nürnberg,30,"25,7",13,-,-,2002
VfL Wolfsburg,32,"26,6",18,-,-,2002
VfB Stuttgart,34,"25,9",14,-,-,2002
FC Energie Cottbus,34,"28,0",18,-,-,2002
FC Hansa Rostock,26,"27,5",11,-,-,2002
SV Werder Bremen,31,"24,9",14,-,-,2002
Arminia Bielefeld,31,"27,2",16,-,-,2002
Hertha BSC,34,"26,2",21,-,-,2002
VfL Bochum,30,"26,3",16,-,-,2002
FC Bayern München,30,"26,0",14,-,-,2003
FC Schalke 04,34,"26,5",20,-,-,2003
SV Werder Bremen,29,"25,6",14,-,-,2003
Bayer 04 Leverkusen,30,"25,3",13,-,-,2003
Borussia Dortmund,36,"26,2",18,-,-,2003
Hertha BSC,29,"26,2",16,-,-,2003
VfB Stuttgart,31,"25,0",16,-,-,2003
Hamburger SV,30,"25,9",13,-,-,2003
VfL Wolfsburg,33,"25,6",20,-,-,2003
VfL Bochum,30,"26,4",17,-,-,2003
Eintracht Frankfurt,32,"27,0",15,-,-,2003
TSV 1860 München,33,"25,8",16,-,-,2003
Borussia Mönchengladbach,38,"26,8",18,-,-,2003
FC Hansa Rostock,28,"27,9",13,-,-,2003
1.FC Köln,32,"26,0",9,-,-,2003
SC Freiburg,30,"25,5",16,-,-,2003
Hannover 96,36,"25,8",21,-,-,2003
1.FC Kaiserslautern,37,"26,8",18,-,-,2003
FC Bayern München,29,"27,6",14,"6,04 Mio. €","175,30 Mio. €",2004
SV Werder Bremen,29,"25,0",14,"3,40 Mio. €","98,48 Mio. €",2004
Bayer 04 Leverkusen,32,"24,8",15,"2,72 Mio. €","86,93 Mio. €",2004
FC Schalke 04,33,"25,6",15,"2,62 Mio. €","86,33 Mio. €",2004
VfB Stuttgart,31,"25,5",14,"2,56 Mio. €","79,50 Mio. €",2004
Borussia Dortmund,36,"24,5",18,"2,18 Mio. €","78,33 Mio. €",2004
Hertha BSC,30,"26,3",14,"2,39 Mio. €","71,78 Mio. €",2004
Hamburger SV,31,"24,9",16,"2,12 Mio. €","65,60 Mio. €",2004
VfL Wolfsburg,28,"27,3",18,"2,12 Mio. €","59,30 Mio. €",2004
Borussia Mönchengladbach,37,"27,2",19,"1,38 Mio. €","50,93 Mio. €",2004
Hannover 96,35,"26,1",23,"1,23 Mio. €","42,98 Mio. €",2004
1.FC Nürnberg,29,"25,6",12,"1,20 Mio. €","34,90 Mio. €",2004
1.FC Kaiserslautern,32,"26,6",14,"1,05 Mio. €","33,75 Mio. €",2004
VfL Bochum,33,"26,3",22,952 Tsd. €,"31,40 Mio. €",2004
FC Hansa Rostock,28,"27,5",14,925 Tsd. €,"25,90 Mio. €",2004
Arminia Bielefeld,35,"25,9",17,704 Tsd. €,"24,65 Mio. €",2004
SC Freiburg,32,"25,8",19,701 Tsd. €,"22,43 Mio. €",2004
1.FSV Mainz 05,32,"27,6",7,523 Tsd. €,"16,73 Mio. €",2004
FC Bayern München,28,"27,8",14,"6,35 Mio. €","177,88 Mio. €",2005
SV Werder Bremen,28,"25,1",13,"3,99 Mio. €","111,60 Mio. €",2005
Hamburger SV,35,"24,6",17,"3,05 Mio. €","106,90 Mio. €",2005
FC Schalke 04,32,"25,2",15,"2,72 Mio. €","87,18 Mio. €",2005
Bayer 04 Leverkusen,33,"24,5",15,"2,46 Mio. €","81,23 Mio. €",2005
Borussia Dortmund,35,"23,6",14,"2,24 Mio. €","78,53 Mio. €",2005
Hertha BSC,31,"25,8",20,"2,35 Mio. €","72,70 Mio. €",2005
VfB Stuttgart,33,"26,0",13,"2,12 Mio. €","69,80 Mio. €",2005
VfL Wolfsburg,32,"27,5",22,"1,92 Mio. €","61,38 Mio. €",2005
1.FC Nürnberg,32,"25,2",16,"1,63 Mio. €","52,13 Mio. €",2005
Borussia Mönchengladbach,34,"26,9",21,"1,47 Mio. €","49,90 Mio. €",2005
Hannover 96,33,"25,5",13,"1,37 Mio. €","45,35 Mio. €",2005
1.FC Köln,37,"26,5",16,"1,18 Mio. €","43,63 Mio. €",2005
Eintracht Frankfurt,32,"26,1",13,"1,25 Mio. €","39,95 Mio. €",2005
1.FSV Mainz 05,31,"25,9",9,"1,22 Mio. €","37,75 Mio. €",2005
1.FC Kaiserslautern,35,"26,5",15,"1,07 Mio. €","37,38 Mio. €",2005
Arminia Bielefeld,33,"26,3",15,995 Tsd. €,"32,85 Mio. €",2005
MSV Duisburg,31,"27,6",11,780 Tsd. €,"24,18 Mio. €",2005
FC Bayern München,30,"26,5",16,"6,02 Mio. €","180,73 Mio. €",2006
SV Werder Bremen,33,"24,9",14,"4,77 Mio. €","157,25 Mio. €",2006
FC Schalke 04,30,"24,7",14,"3,55 Mio. €","106,60 Mio. €",2006
Hamburger SV,36,"24,9",19,"2,83 Mio. €","101,83 Mio. €",2006
VfB Stuttgart,32,"25,3",11,"3,03 Mio. €","97,08 Mio. €",2006
Borussia Dortmund,32,"24,0",14,"2,49 Mio. €","79,78 Mio. €",2006
Bayer 04 Leverkusen,28,"25,1",14,"2,65 Mio. €","74,08 Mio. €",2006
Hertha BSC,32,"25,6",19,"2,29 Mio. €","73,40 Mio. €",2006
1.FC Nürnberg,31,"25,5",20,"2,11 Mio. €","65,45 Mio. €",2006
VfL Wolfsburg,30,"26,9",21,"1,86 Mio. €","55,90 Mio. €",2006
Eintracht Frankfurt,30,"25,6",12,"1,77 Mio. €","52,95 Mio. €",2006
Borussia Mönchengladbach,36,"24,6",18,"1,27 Mio. €","45,85 Mio. €",2006
Hannover 96,32,"26,1",15,"1,43 Mio. €","45,85 Mio. €",2006
VfL Bochum,32,"27,2",15,"1,28 Mio. €","41,00 Mio. €",2006
1.FSV Mainz 05,34,"25,6",15,"1,06 Mio. €","36,03 Mio. €",2006
Arminia Bielefeld,30,"26,7",12,"1,19 Mio. €","35,60 Mio. €",2006
Alemannia Aachen,31,"25,6",9,862 Tsd. €,"26,73 Mio. €",2006
FC Energie Cottbus,30,"26,4",18,885 Tsd. €,"26,55 Mio. €",2006
FC Bayern München,31,"25,7",14,"8,04 Mio. €","249,20 Mio. €",2007
SV Werder Bremen,37,"24,2",17,"4,31 Mio. €","159,55 Mio. €",2007
FC Schalke 04,34,"26,0",19,"3,70 Mio. €","125,85 Mio. €",2007
Hamburger SV,36,"24,1",24,"3,35 Mio. €","120,75 Mio. €",2007
VfB Stuttgart,35,"24,9",17,"3,11 Mio. €","108,85 Mio. €",2007
Bayer 04 Leverkusen,31,"24,2",12,"2,90 Mio. €","90,05 Mio. €",2007
Hertha BSC,36,"24,5",22,"2,25 Mio. €","81,00 Mio. €",2007
Borussia Dortmund,34,"25,5",17,"2,35 Mio. €","79,80 Mio. €",2007
VfL Wolfsburg,39,"25,6",25,"2,03 Mio. €","79,00 Mio. €",2007
Eintracht Frankfurt,34,"25,1",17,"1,99 Mio. €","67,80 Mio. €",2007
Hannover 96,31,"27,4",15,"1,94 Mio. €","60,20 Mio. €",2007
1.FC Nürnberg,33,"25,8",21,"1,74 Mio. €","57,45 Mio. €",2007
VfL Bochum,33,"25,9",17,"1,27 Mio. €","41,95 Mio. €",2007
Karlsruher SC,27,"25,5",9,"1,38 Mio. €","37,35 Mio. €",2007
Arminia Bielefeld,34,"26,4",11,"1,03 Mio. €","34,85 Mio. €",2007
FC Energie Cottbus,39,"26,1",24,794 Tsd. €,"30,95 Mio. €",2007
MSV Duisburg,38,"26,3",22,768 Tsd. €,"29,20 Mio. €",2007
FC Hansa Rostock,31,"26,4",12,889 Tsd. €,"27,55 Mio. €",2007
FC Bayern München,29,"26,2",14,"8,14 Mio. €","235,95 Mio. €",2008
Hamburger SV,38,"25,2",26,"4,13 Mio. €","156,88 Mio. €",2008
SV Werder Bremen,35,"24,2",17,"4,27 Mio. €","149,45 Mio. €",2008
VfL Wolfsburg,35,"25,5",24,"3,95 Mio. €","138,33 Mio. €",2008
Bayer 04 Leverkusen,31,"25,1",15,"3,87 Mio. €","120,10 Mio. €",2008
VfB Stuttgart,34,"25,0",13,"3,50 Mio. €","119,05 Mio. €",2008
FC Schalke 04,34,"24,9",19,"3,47 Mio. €","118,05 Mio. €",2008
Borussia Dortmund,39,"25,4",21,"2,71 Mio. €","105,83 Mio. €",2008
Hertha BSC,31,"24,9",21,"2,84 Mio. €","88,10 Mio. €",2008
TSG 1899 Hoffenheim,34,"23,7",14,"2,34 Mio. €","79,65 Mio. €",2008
Hannover 96,35,"26,0",17,"1,84 Mio. €","64,38 Mio. €",2008
Eintracht Frankfurt,34,"25,0",20,"1,86 Mio. €","63,40 Mio. €",2008
1.FC Köln,32,"26,3",20,"1,54 Mio. €","49,30 Mio. €",2008
Borussia Mönchengladbach,36,"26,4",18,"1,36 Mio. €","49,00 Mio. €",2008
VfL Bochum,34,"27,3",17,"1,22 Mio. €","41,45 Mio. €",2008
Karlsruher SC,27,"26,8",10,"1,14 Mio. €","30,90 Mio. €",2008
Arminia Bielefeld,30,"26,5",13,987 Tsd. €,"29,60 Mio. €",2008
FC Energie Cottbus,35,"27,5",22,844 Tsd. €,"29,53 Mio. €",2008
FC Bayern München,29,"26,1",15,"9,64 Mio. €","279,55 Mio. €",2009
VfL Wolfsburg,31,"25,8",19,"5,01 Mio. €","155,43 Mio. €",2009
SV Werder Bremen,38,"24,4",17,"3,79 Mio. €","143,95 Mio. €",2009
Hamburger SV,35,"24,9",19,"3,89 Mio. €","136,28 Mio. €",2009
FC Schalke 04,40,"24,3",23,"3,36 Mio. €","134,55 Mio. €",2009
Bayer 04 Leverkusen,30,"24,6",14,"4,43 Mio. €","132,90 Mio. €",2009
VfB Stuttgart,34,"25,2",14,"3,67 Mio. €","124,65 Mio. €",2009
Borussia Dortmund,34,"24,0",13,"3,22 Mio. €","109,40 Mio. €",2009
TSG 1899 Hoffenheim,33,"23,3",16,"2,95 Mio. €","97,50 Mio. €",2009
Hertha BSC,33,"25,1",21,"1,88 Mio. €","61,98 Mio. €",2009
Eintracht Frankfurt,36,"25,7",20,"1,64 Mio. €","59,20 Mio. €",2009
1.FC Köln,33,"24,8",18,"1,79 Mio. €","59,13 Mio. €",2009
Borussia Mönchengladbach,30,"25,5",15,"1,83 Mio. €","55,00 Mio. €",2009
Hannover 96,39,"25,9",22,"1,30 Mio. €","50,88 Mio. €",2009
1.FSV Mainz 05,41,"26,0",22,"1,19 Mio. €","48,78 Mio. €",2009
1.FC Nürnberg,33,"24,8",16,"1,44 Mio. €","47,50 Mio. €",2009
VfL Bochum,32,"26,5",16,"1,25 Mio. €","39,90 Mio. €",2009
SC Freiburg,32,"24,8",20,"1,23 Mio. €","39,45 Mio. €",2009
FC Bayern München,31,"25,7",17,"9,97 Mio. €","308,98 Mio. €",2010
Borussia Dortmund,31,"24,8",15,"5,48 Mio. €","169,95 Mio. €",2010
FC Schalke 04,36,"25,2",23,"4,37 Mio. €","157,18 Mio. €",2010
SV Werder Bremen,38,"25,0",18,"3,98 Mio. €","151,13 Mio. €",2010
Bayer 04 Leverkusen,30,"25,1",12,"4,92 Mio. €","147,68 Mio. €",2010
VfL Wolfsburg,34,"25,7",25,"4,27 Mio. €","145,10 Mio. €",2010
TSG 1899 Hoffenheim,34,"23,8",19,"3,71 Mio. €","126,13 Mio. €",2010
Hamburger SV,30,"25,9",20,"3,74 Mio. €","112,13 Mio. €",2010
VfB Stuttgart,33,"25,3",17,"3,19 Mio. €","105,25 Mio. €",2010
1.FC Köln,38,"25,2",19,"1,82 Mio. €","69,28 Mio. €",2010
Borussia Mönchengladbach,34,"25,8",19,"1,96 Mio. €","66,55 Mio. €",2010
Hannover 96,28,"26,0",14,"2,33 Mio. €","65,35 Mio. €",2010
1.FSV Mainz 05,28,"26,9",15,"2,16 Mio. €","60,60 Mio. €",2010
1.FC Nürnberg,32,"24,5",14,"1,88 Mio. €","60,20 Mio. €",2010
SC Freiburg,32,"25,3",19,"1,87 Mio. €","59,95 Mio. €",2010
1.FC Kaiserslautern,30,"24,9",18,"1,68 Mio. €","50,50 Mio. €",2010
Eintracht Frankfurt,31,"25,2",15,"1,53 Mio. €","47,58 Mio. €",2010
FC St. Pauli,30,"26,8",2,"1,02 Mio. €","30,50 Mio. €",2010
FC Bayern München,25,"25,8",11,"14,24 Mio. €","356,00 Mio. €",2011
Borussia Dortmund,30,"24,6",13,"7,20 Mio. €","215,95 Mio. €",2011
FC Schalke 04,39,"24,7",21,"3,98 Mio. €","155,23 Mio. €",2011
Bayer 04 Leverkusen,30,"24,1",9,"4,50 Mio. €","134,85 Mio. €",2011
VfL Wolfsburg,45,"25,9",29,"2,80 Mio. €","125,80 Mio. €",2011
VfB Stuttgart,32,"25,3",18,"3,69 Mio. €","118,00 Mio. €",2011
SV Werder Bremen,38,"24,3",17,"2,95 Mio. €","111,95 Mio. €",2011
TSG 1899 Hoffenheim,35,"23,9",20,"2,53 Mio. €","88,65 Mio. €",2011
Borussia Mönchengladbach,28,"24,4",15,"3,15 Mio. €","88,30 Mio. €",2011
Hamburger SV,37,"24,0",23,"2,32 Mio. €","85,90 Mio. €",2011
Hannover 96,31,"25,7",17,"2,48 Mio. €","76,80 Mio. €",2011
SC Freiburg,37,"25,0",17,"1,88 Mio. €","69,43 Mio. €",2011
1.FC Köln,34,"24,7",17,"1,77 Mio. €","60,18 Mio. €",2011
1.FC Nürnberg,30,"24,2",12,"1,74 Mio. €","52,10 Mio. €",2011
1.FSV Mainz 05,30,"25,7",18,"1,73 Mio. €","52,00 Mio. €",2011
Hertha BSC,31,"24,7",18,"1,47 Mio. €","45,60 Mio. €",2011
1.FC Kaiserslautern,37,"24,3",22,"1,15 Mio. €","42,60 Mio. €",2011
FC Augsburg,32,"26,2",15,"1,20 Mio. €","38,35 Mio. €",2011
FC Bayern München,29,"25,3",13,"15,94 Mio. €","462,40 Mio. €",2012
Borussia Dortmund,31,"24,2",10,"9,75 Mio. €","302,30 Mio. €",2012
FC Schalke 04,34,"24,8",22,"5,40 Mio. €","183,55 Mio. €",2012
Bayer 04 Leverkusen,33,"23,6",11,"4,71 Mio. €","155,30 Mio. €",2012
VfL Wolfsburg,36,"25,8",26,"3,03 Mio. €","109,00 Mio. €",2012
Hamburger SV,30,"25,1",18,"3,50 Mio. €","104,95 Mio. €",2012
VfB Stuttgart,34,"25,4",19,"2,74 Mio. €","93,13 Mio. €",2012
Borussia Mönchengladbach,29,"24,3",14,"3,01 Mio. €","87,33 Mio. €",2012
Hannover 96,35,"25,6",20,"2,38 Mio. €","83,15 Mio. €",2012
TSG 1899 Hoffenheim,43,"23,7",24,"1,82 Mio. €","78,25 Mio. €",2012
SV Werder Bremen,32,"23,5",14,"2,44 Mio. €","78,00 Mio. €",2012
Eintracht Frankfurt,31,"25,4",13,"2,21 Mio. €","68,40 Mio. €",2012
SC Freiburg,32,"24,1",15,"2,06 Mio. €","65,80 Mio. €",2012
1.FSV Mainz 05,32,"26,4",18,"1,64 Mio. €","52,43 Mio. €",2012
1.FC Nürnberg,32,"24,1",13,"1,46 Mio. €","46,83 Mio. €",2012
FC Augsburg,33,"26,2",18,"1,17 Mio. €","38,45 Mio. €",2012
SpVgg Greuther Fürth,37,"24,8",18,901 Tsd. €,"33,33 Mio. €",2012
Fortuna Düsseldorf,35,"25,7",20,890 Tsd. €,"31,15 Mio. €",2012
FC Bayern München,33,"24,8",16,"16,88 Mio. €","556,88 Mio. €",2013
Borussia Dortmund,31,"24,7",12,"10,52 Mio. €","326,05 Mio. €",2013
FC Schalke 04,38,"24,4",18,"5,35 Mio. €","203,25 Mio. €",2013
Bayer 04 Leverkusen,35,"24,3",14,"5,03 Mio. €","175,88 Mio. €",2013
VfL Wolfsburg,36,"25,3",24,"4,31 Mio. €","155,23 Mio. €",2013
Borussia Mönchengladbach,28,"25,0",14,"3,98 Mio. €","111,38 Mio. €",2013
VfB Stuttgart,35,"25,0",18,"3,09 Mio. €","108,30 Mio. €",2013
Hamburger SV,34,"24,9",18,"3,02 Mio. €","102,78 Mio. €",2013
TSG 1899 Hoffenheim,43,"23,7",25,"2,27 Mio. €","97,40 Mio. €",2013
Eintracht Frankfurt,33,"24,7",11,"2,61 Mio. €","86,20 Mio. €",2013
Hannover 96,36,"25,2",20,"2,23 Mio. €","80,23 Mio. €",2013
SC Freiburg,35,"23,7",16,"2,05 Mio. €","71,68 Mio. €",2013
Hertha BSC,32,"25,9",14,"2,13 Mio. €","68,08 Mio. €",2013
SV Werder Bremen,39,"23,7",17,"1,70 Mio. €","66,40 Mio. €",2013
1.FSV Mainz 05,32,"26,6",16,"1,86 Mio. €","59,45 Mio. €",2013
1.FC Nürnberg,33,"24,2",16,"1,71 Mio. €","56,45 Mio. €",2013
FC Augsburg,35,"25,2",20,"1,31 Mio. €","45,95 Mio. €",2013
Eintracht Braunschweig,33,"25,9",11,866 Tsd. €,"28,58 Mio. €",2013
FC Bayern München,33,"25,5",17,"17,43 Mio. €","575,13 Mio. €",2014
Borussia Dortmund,37,"24,7",18,"8,64 Mio. €","319,50 Mio. €",2014
VfL Wolfsburg,30,"26,1",18,"7,37 Mio. €","221,05 Mio. €",2014
FC Schalke 04,36,"24,0",15,"5,89 Mio. €","212,00 Mio. €",2014
Bayer 04 Leverkusen,26,"24,9",14,"6,82 Mio. €","177,35 Mio. €",2014
Borussia Mönchengladbach,27,"25,9",14,"4,84 Mio. €","130,63 Mio. €",2014
TSG 1899 Hoffenheim,30,"24,4",14,"4,06 Mio. €","121,78 Mio. €",2014
1.FSV Mainz 05,36,"24,9",19,"2,44 Mio. €","88,00 Mio. €",2014
Hamburger SV,38,"25,2",21,"2,29 Mio. €","87,15 Mio. €",2014
VfB Stuttgart,30,"24,7",16,"2,90 Mio. €","86,95 Mio. €",2014
Hannover 96,35,"25,6",16,"2,19 Mio. €","76,65 Mio. €",2014
Eintracht Frankfurt,30,"25,1",14,"2,50 Mio. €","74,90 Mio. €",2014
SV Werder Bremen,36,"23,9",15,"1,88 Mio. €","67,53 Mio. €",2014
Hertha BSC,30,"26,3",16,"2,20 Mio. €","66,00 Mio. €",2014
SC Freiburg,30,"25,1",13,"1,91 Mio. €","57,40 Mio. €",2014
1.FC Köln,27,"25,4",14,"1,88 Mio. €","50,75 Mio. €",2014
FC Augsburg,35,"25,5",19,"1,43 Mio. €","50,08 Mio. €",2014
SC Paderborn 07,28,"26,1",8,"1,02 Mio. €","28,50 Mio. €",2014
FC Bayern München,34,"25,9",19,"17,53 Mio. €","596,05 Mio. €",2015
Borussia Dortmund,30,"24,9",13,"11,77 Mio. €","352,95 Mio. €",2015
VfL Wolfsburg,35,"25,5",19,"7,73 Mio. €","270,43 Mio. €",2015
Bayer 04 Leverkusen,33,"24,2",21,"7,31 Mio. €","241,30 Mio. €",2015
FC Schalke 04,32,"24,9",14,"7,04 Mio. €","225,20 Mio. €",2015
Borussia Mönchengladbach,29,"25,4",17,"6,42 Mio. €","186,15 Mio. €",2015
TSG 1899 Hoffenheim,30,"24,9",16,"3,01 Mio. €","90,20 Mio. €",2015
1.FSV Mainz 05,39,"25,3",22,"2,18 Mio. €","85,15 Mio. €",2015
VfB Stuttgart,34,"24,8",19,"2,39 Mio. €","81,18 Mio. €",2015
Hertha BSC,34,"25,3",15,"2,32 Mio. €","78,93 Mio. €",2015
Eintracht Frankfurt,35,"24,9",21,"2,19 Mio. €","76,60 Mio. €",2015
FC Augsburg,39,"25,9",21,"1,94 Mio. €","75,83 Mio. €",2015
1.FC Köln,25,"25,0",12,"2,75 Mio. €","68,63 Mio. €",2015
SV Werder Bremen,39,"24,6",18,"1,66 Mio. €","64,68 Mio. €",2015
Hamburger SV,35,"25,8",18,"1,81 Mio. €","63,20 Mio. €",2015
Hannover 96,39,"24,6",21,"1,56 Mio. €","60,83 Mio. €",2015
FC Ingolstadt 04,29,"25,2",16,"1,23 Mio. €","35,65 Mio. €",2015
SV Darmstadt 98,30,"27,3",8,838 Tsd. €,"25,15 Mio. €",2015
FC Bayern München,33,"26,1",18,"17,05 Mio. €","562,55 Mio. €",2016
Borussia Dortmund,31,"25,2",16,"12,60 Mio. €","390,65 Mio. €",2016
Bayer 04 Leverkusen,39,"23,8",22,"6,80 Mio. €","265,03 Mio. €",2016
FC Schalke 04,39,"24,7",22,"5,57 Mio. €","217,25 Mio. €",2016
VfL Wolfsburg,43,"24,5",21,"4,72 Mio. €","203,08 Mio. €",2016
RasenBallsport Leipzig,33,"23,6",17,"5,34 Mio. €","176,33 Mio. €",2016
Borussia Mönchengladbach,33,"24,4",16,"4,91 Mio. €","162,18 Mio. €",2016
TSG 1899 Hoffenheim,33,"24,5",16,"4,20 Mio. €","138,63 Mio. €",2016
1.FC Köln,30,"25,4",14,"3,87 Mio. €","116,15 Mio. €",2016
1.FSV Mainz 05,39,"24,3",23,"2,48 Mio. €","96,73 Mio. €",2016
Hertha BSC,33,"25,0",16,"2,93 Mio. €","96,53 Mio. €",2016
SV Werder Bremen,41,"25,5",20,"2,18 Mio. €","89,45 Mio. €",2016
SC Freiburg,36,"25,0",14,"2,41 Mio. €","86,73 Mio. €",2016
Hamburger SV,38,"24,6",21,"2,12 Mio. €","80,48 Mio. €",2016
Eintracht Frankfurt,35,"24,1",22,"2,07 Mio. €","72,30 Mio. €",2016
FC Augsburg,37,"26,3",21,"1,78 Mio. €","65,85 Mio. €",2016
FC Ingolstadt 04,32,"24,8",15,"1,21 Mio. €","38,63 Mio. €",2016
SV Darmstadt 98,39,"26,7",17,666 Tsd. €,"25,98 Mio. €",2016
FC Bayern München,38,"24,7",19,"21,36 Mio. €","811,85 Mio. €",2017
Borussia Dortmund,35,"25,0",19,"16,41 Mio. €","574,20 Mio. €",2017
RasenBallsport Leipzig,28,"24,1",19,"13,33 Mio. €","373,30 Mio. €",2017
Bayer 04 Leverkusen,27,"25,3",14,"13,24 Mio. €","357,35 Mio. €",2017
FC Schalke 04,29,"25,5",18,"9,46 Mio. €","274,35 Mio. €",2017
TSG 1899 Hoffenheim,36,"24,1",13,"5,91 Mio. €","212,75 Mio. €",2017
Borussia Mönchengladbach,35,"24,6",19,"5,52 Mio. €","193,25 Mio. €",2017
VfL Wolfsburg,33,"24,3",19,"4,35 Mio. €","143,60 Mio. €",2017
VfB Stuttgart,34,"24,7",17,"3,96 Mio. €","134,70 Mio. €",2017
Hertha BSC,32,"24,9",16,"4,11 Mio. €","131,45 Mio. €",2017
Eintracht Frankfurt,36,"25,0",23,"3,50 Mio. €","126,15 Mio. €",2017
SV Werder Bremen,33,"25,6",19,"3,25 Mio. €","107,15 Mio. €",2017
SC Freiburg,36,"25,5",14,"2,79 Mio. €","100,60 Mio. €",2017
FC Augsburg,33,"25,6",17,"3,04 Mio. €","100,45 Mio. €",2017
1.FSV Mainz 05,33,"25,3",19,"2,98 Mio. €","98,35 Mio. €",2017
Hannover 96,30,"25,9",12,"3,10 Mio. €","92,95 Mio. €",2017
1.FC Köln,38,"24,5",19,"2,41 Mio. €","91,73 Mio. €",2017
Hamburger SV,34,"24,5",17,"1,84 Mio. €","62,40 Mio. €",2017
FC Bayern München,32,"25,7",15,"24,53 Mio. €","784,88 Mio. €",2018
Borussia Dortmund,34,"24,4",19,"18,92 Mio. €","643,25 Mio. €",2018
RasenBallsport Leipzig,34,"22,6",22,"14,09 Mio. €","479,00 Mio. €",2018
Bayer 04 Leverkusen,31,"24,6",16,"13,85 Mio. €","429,40 Mio. €",2018
TSG 1899 Hoffenheim,38,"24,4",22,"8,85 Mio. €","336,25 Mio. €",2018
Eintracht Frankfurt,47,"24,8",28,"6,67 Mio. €","313,40 Mio. €",2018
Borussia Mönchengladbach,30,"25,2",16,"8,81 Mio. €","264,30 Mio. €",2018
VfL Wolfsburg,36,"25,1",21,"6,37 Mio. €","229,25 Mio. €",2018
FC Schalke 04,39,"25,1",24,"5,67 Mio. €","221,30 Mio. €",2018
Hertha BSC,36,"24,4",20,"5,77 Mio. €","207,63 Mio. €",2018
SV Werder Bremen,33,"25,8",18,"5,09 Mio. €","168,05 Mio. €",2018
1.FSV Mainz 05,35,"24,7",20,"4,56 Mio. €","159,73 Mio. €",2018
VfB Stuttgart,34,"24,9",17,"4,23 Mio. €","143,75 Mio. €",2018
FC Augsburg,40,"24,9",19,"3,48 Mio. €","139,25 Mio. €",2018
SC Freiburg,34,"25,0",8,"3,59 Mio. €","122,10 Mio. €",2018
Fortuna Düsseldorf,34,"26,3",17,"2,79 Mio. €","94,95 Mio. €",2018
Hannover 96,37,"25,7",18,"2,47 Mio. €","91,43 Mio. €",2018
1.FC Nürnberg,29,"25,2",12,"1,88 Mio. €","54,40 Mio. €",2018
FC Bayern München,38,"23,7",21,"20,46 Mio. €","777,33 Mio. €",2019
Borussia Dortmund,37,"24,5",20,"17,68 Mio. €","654,05 Mio. €",2019
RasenBallsport Leipzig,38,"23,0",26,"15,01 Mio. €","570,48 Mio. €",2019
Bayer 04 Leverkusen,29,"25,1",18,"13,76 Mio. €","398,95 Mio. €",2019
Borussia Mönchengladbach,34,"25,8",18,"7,49 Mio. €","254,70 Mio. €",2019
TSG 1899 Hoffenheim,37,"26,3",25,"6,11 Mio. €","226,05 Mio. €",2019
FC Schalke 04,33,"24,2",20,"6,71 Mio. €","221,58 Mio. €",2019
Hertha BSC,42,"24,2",22,"5,17 Mio. €","217,20 Mio. €",2019
Eintracht Frankfurt,35,"26,4",23,"5,97 Mio. €","208,98 Mio. €",2019
VfL Wolfsburg,38,"24,7",23,"5,46 Mio. €","207,60 Mio. €",2019
SV Werder Bremen,36,"26,2",18,"3,75 Mio. €","135,13 Mio. €",2019
SC Freiburg,30,"25,8",10,"4,09 Mio. €","122,65 Mio. €",2019
1.FSV Mainz 05,35,"23,9",19,"3,47 Mio. €","121,58 Mio. €",2019
FC Augsburg,37,"25,4",18,"3,05 Mio. €","112,95 Mio. €",2019
1.FC Köln,35,"25,3",14,"2,81 Mio. €","98,48 Mio. €",2019
Fortuna Düsseldorf,37,"26,2",17,"1,94 Mio. €","71,78 Mio. €",2019
1.FC Union Berlin,34,"26,2",11,"1,21 Mio. €","41,20 Mio. €",2019
SC Paderborn 07,32,"25,3",15,903 Tsd. €,"28,90 Mio. €",2019
FC Bayern München,45,"23,9",22,"19,07 Mio. €","858,23 Mio. €",2020
Borussia Dortmund,32,"25,0",16,"19,64 Mio. €","628,40 Mio. €",2020
RasenBallsport Leipzig,32,"23,7",23,"17,97 Mio. €","574,95 Mio. €",2020
Bayer 04 Leverkusen,33,"25,0",22,"11,31 Mio. €","373,25 Mio. €",2020
Borussia Mönchengladbach,33,"25,7",19,"9,11 Mio. €","300,75 Mio. €",2020
Eintracht Frankfurt,36,"25,6",24,"7,48 Mio. €","269,15 Mio. €",2020
VfL Wolfsburg,30,"26,0",20,"8,56 Mio. €","256,83 Mio. €",2020
Hertha BSC,38,"24,4",21,"6,02 Mio. €","228,88 Mio. €",2020
TSG 1899 Hoffenheim,37,"25,1",25,"6,17 Mio. €","228,15 Mio. €",2020
VfB Stuttgart,32,"23,8",16,"5,91 Mio. €","189,25 Mio. €",2020
1.FSV Mainz 05,36,"24,9",18,"4,54 Mio. €","163,30 Mio. €",2020
SC Freiburg,30,"25,2",13,"4,64 Mio. €","139,10 Mio. €",2020
FC Schalke 04,45,"24,8",27,"2,73 Mio. €","123,05 Mio. €",2020
1.FC Köln,36,"24,9",17,"3,28 Mio. €","118,20 Mio. €",2020
SV Werder Bremen,33,"25,2",15,"3,39 Mio. €","111,98 Mio. €",2020
FC Augsburg,31,"25,8",20,"3,00 Mio. €","93,05 Mio. €",2020
1.FC Union Berlin,33,"25,8",10,"2,49 Mio. €","82,05 Mio. €",2020
Arminia Bielefeld,33,"24,9",15,"1,72 Mio. €","56,73 Mio. €",2020
FC Bayern München,38,"24,7",20,"20,80 Mio. €","790,33 Mio. €",2021
Borussia Dortmund,44,"23,9",24,"12,70 Mio. €","558,98 Mio. €",2021
RasenBallsport Leipzig,34,"23,9",23,"14,68 Mio. €","498,95 Mio. €",2021
Bayer 04 Leverkusen,35,"24,6",24,"13,00 Mio. €","455,05 Mio. €",2021
VfL Wolfsburg,37,"25,3",24,"7,28 Mio. €","269,30 Mio. €",2021
Borussia Mönchengladbach,31,"25,4",14,"7,64 Mio. €","236,80 Mio. €",2021
Eintracht Frankfurt,36,"25,2",23,"6,35 Mio. €","228,75 Mio. €",2021
TSG 1899 Hoffenheim,40,"24,9",21,"5,29 Mio. €","211,43 Mio. €",2021
SC Freiburg,32,"25,0",12,"5,51 Mio. €","176,35 Mio. €",2021
VfB Stuttgart,39,"23,5",21,"4,47 Mio. €","174,23 Mio. €",2021
Hertha BSC,45,"24,7",21,"3,46 Mio. €","155,73 Mio. €",2021
1.FSV Mainz 05,34,"24,9",17,"3,85 Mio. €","131,03 Mio. €",2021
1.FC Union Berlin,40,"26,6",15,"2,90 Mio. €","115,90 Mio. €",2021
1.FC Köln,31,"25,4",13,"3,20 Mio. €","99,28 Mio. €",2021
FC Augsburg,32,"25,5",20,"2,98 Mio. €","95,30 Mio. €",2021
Arminia Bielefeld,34,"24,6",20,"1,94 Mio. €","65,85 Mio. €",2021
VfL Bochum,33,"27,3",15,"1,58 Mio. €","52,25 Mio. €",2021
SpVgg Greuther Fürth,34,"24,6",15,"1,09 Mio. €","36,95 Mio. €",2021
FC Bayern München,35,"25,3",22,"27,11 Mio. €","948,95 Mio. €",2022
Borussia Dortmund,37,"24,6",18,"15,34 Mio. €","567,55 Mio. €",2022
RasenBallsport Leipzig,29,"25,6",19,"16,78 Mio. €","486,50 Mio. €",2022
Bayer 04 Leverkusen,35,"24,2",24,"12,93 Mio. €","452,55 Mio. €",2022
Eintracht Frankfurt,36,"25,0",22,"9,02 Mio. €","324,55 Mio. €",2022
Borussia Mönchengladbach,35,"25,4",16,"6,91 Mio. €","241,68 Mio. €",2022
VfL Wolfsburg,33,"24,7",20,"7,22 Mio. €","238,30 Mio. €",2022
SC Freiburg,29,"26,0",11,"6,93 Mio. €","200,95 Mio. €",2022
TSG 1899 Hoffenheim,37,"25,8",21,"4,83 Mio. €","178,80 Mio. €",2022
1.FC Union Berlin,36,"26,9",17,"4,39 Mio. €","157,95 Mio. €",2022
VfB Stuttgart,39,"23,2",21,"3,87 Mio. €","151,05 Mio. €",2022
1.FSV Mainz 05,34,"24,7",16,"3,99 Mio. €","135,80 Mio. €",2022
FC Augsburg,42,"25,0",24,"3,15 Mio. €","132,28 Mio. €",2022
1.FC Köln,39,"24,9",14,"2,97 Mio. €","115,65 Mio. €",2022
Hertha BSC,41,"25,4",21,"2,29 Mio. €","94,00 Mio. €",2022
SV Werder Bremen,33,"24,7",10,"2,71 Mio. €","89,50 Mio. €",2022
FC Schalke 04,43,"26,4",22,"2,04 Mio. €","87,78 Mio. €",2022
VfL Bochum,32,"27,7",18,"1,68 Mio. €","53,70 Mio. €",2022
